iter	PairLogit
0	0.689903738
1	0.6868006341
2	0.6839429738
3	0.6814139972
4	0.679168177
5	0.6772412959
6	0.6755898084
